-- MySQL dump 10.13  Distrib 8.0.31, for Win64 (x86_64)
--
-- Host: localhost    Database: purwadhika
-- ------------------------------------------------------
-- Server version	8.0.31

/*!40101 SET @OLD_CHARACTER_SET_CLIENT=@@CHARACTER_SET_CLIENT */;
/*!40101 SET @OLD_CHARACTER_SET_RESULTS=@@CHARACTER_SET_RESULTS */;
/*!40101 SET @OLD_COLLATION_CONNECTION=@@COLLATION_CONNECTION */;
/*!50503 SET NAMES utf8 */;
/*!40103 SET @OLD_TIME_ZONE=@@TIME_ZONE */;
/*!40103 SET TIME_ZONE='+00:00' */;
/*!40014 SET @OLD_UNIQUE_CHECKS=@@UNIQUE_CHECKS, UNIQUE_CHECKS=0 */;
/*!40014 SET @OLD_FOREIGN_KEY_CHECKS=@@FOREIGN_KEY_CHECKS, FOREIGN_KEY_CHECKS=0 */;
/*!40101 SET @OLD_SQL_MODE=@@SQL_MODE, SQL_MODE='NO_AUTO_VALUE_ON_ZERO' */;
/*!40111 SET @OLD_SQL_NOTES=@@SQL_NOTES, SQL_NOTES=0 */;

--
-- Table structure for table `categories`
--

DROP TABLE IF EXISTS `categories`;
/*!40101 SET @saved_cs_client     = @@character_set_client */;
/*!50503 SET character_set_client = utf8mb4 */;
CREATE TABLE `categories` (
  `id_categories` int NOT NULL AUTO_INCREMENT,
  `nama_categories` varchar(255) DEFAULT NULL,
  PRIMARY KEY (`id_categories`)
) ENGINE=InnoDB AUTO_INCREMENT=5 DEFAULT CHARSET=utf8mb4 COLLATE=utf8mb4_0900_ai_ci;
/*!40101 SET character_set_client = @saved_cs_client */;

--
-- Dumping data for table `categories`
--

LOCK TABLES `categories` WRITE;
/*!40000 ALTER TABLE `categories` DISABLE KEYS */;
INSERT INTO `categories` VALUES (1,'Coffee'),(2,'Non-coffee'),(3,'Main Dish'),(4,'Finger Food');
/*!40000 ALTER TABLE `categories` ENABLE KEYS */;
UNLOCK TABLES;

--
-- Table structure for table `product`
--

DROP TABLE IF EXISTS `product`;
/*!40101 SET @saved_cs_client     = @@character_set_client */;
/*!50503 SET character_set_client = utf8mb4 */;
CREATE TABLE `product` (
  `id_product` int NOT NULL AUTO_INCREMENT,
  `product_name` varchar(255) NOT NULL,
  `product_price` int DEFAULT NULL,
  `product_image` varchar(555) DEFAULT NULL,
  `id_user` int DEFAULT NULL,
  `id_category` int DEFAULT NULL,
  PRIMARY KEY (`id_product`,`product_name`)
) ENGINE=InnoDB AUTO_INCREMENT=23 DEFAULT CHARSET=utf8mb4 COLLATE=utf8mb4_0900_ai_ci;
/*!40101 SET character_set_client = @saved_cs_client */;

--
-- Dumping data for table `product`
--

LOCK TABLES `product` WRITE;
/*!40000 ALTER TABLE `product` DISABLE KEYS */;
INSERT INTO `product` VALUES (1,'Cappuccino',35000,'Photo',1,1),(2,'Espresso',30000,'Photo',1,1),(3,'Latte Macchiato',40000,'Photo',1,1),(4,'Mocha',45000,'Photo',1,1),(5,'Iced Americano',35000,'Photo',1,1),(6,'Coffee Frappe',45000,'Photo',1,1),(7,'Flat White',40000,'Photo',1,1),(8,'Non-coffee Smoothie Bowl',35000,'Photo',1,2),(9,'Fresh Juice',25000,'Photo',1,2),(10,'Lemonade',30000,'Photo',1,2),(11,'Iced Tea',35000,'Photo',1,2),(12,'Mixed Fruit Smoothie',40000,'Photo',1,2),(13,'Spicy Beef Ramen',45000,'Photo',1,3),(14,'Pizza Carbonara',50000,'Photo',1,3),(15,'Roast Beef Sandwich',40000,'Photo',1,3),(16,'Lamb Shank',45000,'Photo',1,3),(17,'Grilled Salmon',50000,'Photo',1,3),(18,'Onion Rings',30000,'Photo',1,4),(19,'French Fries',25000,'Photo',1,4),(20,'Chicken Wings',35000,'Photo',1,4),(21,'Mozzarella Sticks',40000,'Photo',1,4),(22,'Nachos',45000,'Photo',1,4);
/*!40000 ALTER TABLE `product` ENABLE KEYS */;
UNLOCK TABLES;

--
-- Table structure for table `transactions`
--

DROP TABLE IF EXISTS `transactions`;
/*!40101 SET @saved_cs_client     = @@character_set_client */;
/*!50503 SET character_set_client = utf8mb4 */;
CREATE TABLE `transactions` (
  `id_transaction` int NOT NULL AUTO_INCREMENT,
  `order_id` int NOT NULL,
  `id_product` int NOT NULL,
  `transaction_quantity` int NOT NULL,
  `transaction_date` date NOT NULL,
  `id_user` int NOT NULL,
  PRIMARY KEY (`id_transaction`)
) ENGINE=InnoDB AUTO_INCREMENT=1024 DEFAULT CHARSET=utf8mb4 COLLATE=utf8mb4_0900_ai_ci;
/*!40101 SET character_set_client = @saved_cs_client */;

--
-- Dumping data for table `transactions`
--

LOCK TABLES `transactions` WRITE;
/*!40000 ALTER TABLE `transactions` DISABLE KEYS */;
INSERT INTO `transactions` VALUES (1,1,1,2,'2023-04-14',1),(2,1,9,2,'2023-03-04',1),(3,1,7,2,'2023-04-18',1),(4,1,7,3,'2023-04-17',1),(5,1,9,2,'2023-04-11',1),(6,1,17,2,'2023-02-14',1),(7,1,6,3,'2023-03-26',1),(8,1,9,1,'2023-03-01',1),(9,1,8,2,'2023-03-03',1),(10,1,16,2,'2023-04-14',1),(11,1,8,1,'2023-02-06',1),(12,1,15,1,'2023-03-06',1),(13,1,16,2,'2023-04-12',1),(14,1,20,3,'2023-02-07',1),(15,1,12,2,'2023-04-11',1),(16,1,12,1,'2023-02-28',1),(17,1,2,2,'2023-03-18',1),(18,1,13,2,'2023-02-09',1),(19,1,8,2,'2023-03-20',1),(20,1,3,3,'2023-03-10',1),(21,1,6,1,'2023-03-21',1),(22,1,13,1,'2023-04-14',1),(23,1,18,2,'2023-03-22',1),(24,1,1,2,'2023-04-26',1),(25,1,13,3,'2023-02-21',1),(26,1,5,2,'2023-02-23',1),(27,1,3,3,'2023-03-28',1),(28,1,18,3,'2023-03-25',1),(29,1,1,1,'2023-03-02',1),(30,1,19,1,'2023-03-22',1),(31,1,4,1,'2023-04-28',1),(32,1,15,1,'2023-03-12',1),(33,1,10,3,'2023-03-24',1),(34,1,14,2,'2023-04-15',1),(35,1,4,1,'2023-03-30',1),(36,1,14,1,'2023-02-03',1),(37,1,13,3,'2023-02-21',1),(38,1,18,1,'2023-02-18',1),(39,1,1,2,'2023-02-16',1),(40,1,13,2,'2023-02-03',1),(41,1,2,2,'2023-03-10',1),(42,1,3,1,'2023-02-17',1),(43,1,1,2,'2023-03-15',1),(44,1,20,1,'2023-03-20',1),(45,1,13,1,'2023-02-03',1),(46,1,17,2,'2023-04-17',1),(47,1,10,2,'2023-04-20',1),(48,1,12,1,'2023-03-17',1),(49,1,10,3,'2023-02-23',1),(50,1,4,3,'2023-02-17',1),(51,1,4,1,'2023-02-10',1),(52,1,13,2,'2023-04-17',1),(53,1,17,1,'2023-04-14',1),(54,1,11,3,'2023-04-03',1),(55,1,2,1,'2023-04-05',1),(56,1,2,1,'2023-04-25',1),(57,1,1,1,'2023-04-25',1),(58,1,4,3,'2023-02-11',1),(59,1,19,3,'2023-04-12',1),(60,1,9,2,'2023-03-22',1),(61,1,4,1,'2023-02-07',1),(62,1,2,1,'2023-02-05',1),(63,1,3,2,'2023-04-29',1),(64,1,13,3,'2023-02-18',1),(65,1,15,3,'2023-04-09',1),(66,1,13,2,'2023-02-19',1),(67,1,7,3,'2023-02-16',1),(68,1,10,3,'2023-03-04',1),(69,1,12,2,'2023-03-22',1),(70,1,20,3,'2023-03-14',1),(71,1,19,3,'2023-03-27',1),(72,1,14,1,'2023-02-13',1),(73,1,3,1,'2023-03-12',1),(74,1,17,2,'2023-04-14',1),(75,1,19,3,'2023-03-28',1),(76,1,14,1,'2023-03-15',1),(77,1,14,2,'2023-04-10',1),(78,1,8,2,'2023-04-07',1),(79,1,15,1,'2023-04-03',1),(80,1,2,1,'2023-04-16',1),(81,1,14,2,'2023-03-27',1),(82,1,15,2,'2023-04-11',1),(83,1,21,2,'2023-04-20',1),(84,1,9,2,'2023-03-16',1),(85,1,10,3,'2023-03-09',1),(86,1,19,3,'2023-02-23',1),(87,1,10,1,'2023-02-22',1),(88,1,7,3,'2023-02-16',1),(89,1,10,2,'2023-03-19',1),(90,1,22,1,'2023-04-04',1),(91,1,12,2,'2023-02-20',1),(92,1,9,1,'2023-03-10',1),(93,1,4,2,'2023-02-08',1),(94,1,20,1,'2023-03-02',1),(95,1,2,2,'2023-04-09',1),(96,1,14,3,'2023-03-10',1),(97,1,12,1,'2023-02-06',1),(98,1,8,2,'2023-03-22',1),(99,1,6,2,'2023-02-13',1),(100,1,22,2,'2023-03-23',1),(101,1,8,3,'2023-03-27',1),(102,1,8,3,'2023-02-17',1),(103,1,10,2,'2023-02-20',1),(104,1,14,2,'2023-03-10',1),(105,1,17,2,'2023-04-12',1),(106,1,18,2,'2023-04-07',1),(107,1,18,3,'2023-04-08',1),(108,1,7,1,'2023-04-06',1),(109,1,8,2,'2023-03-22',1),(110,1,6,2,'2023-04-15',1),(111,1,15,3,'2023-04-07',1),(112,1,11,1,'2023-04-14',1),(113,1,8,1,'2023-04-22',1),(114,1,1,2,'2023-02-15',1),(115,1,10,2,'2023-04-25',1),(116,1,18,1,'2023-04-05',1),(117,1,20,1,'2023-03-29',1),(118,1,10,1,'2023-03-31',1),(119,1,18,3,'2023-02-22',1),(120,1,11,2,'2023-03-20',1),(121,1,21,1,'2023-03-26',1),(122,1,18,1,'2023-03-10',1),(123,1,15,3,'2023-04-25',1),(124,1,18,1,'2023-02-12',1),(125,1,8,2,'2023-03-29',1),(126,1,5,1,'2023-04-11',1),(127,1,17,1,'2023-03-02',1),(128,1,17,3,'2023-03-08',1),(129,1,19,3,'2023-02-07',1),(130,1,14,3,'2023-03-28',1),(131,1,10,2,'2023-03-09',1),(132,1,1,3,'2023-03-04',1),(133,1,4,2,'2023-03-29',1),(134,1,9,1,'2023-02-05',1),(135,1,3,2,'2023-03-23',1),(136,1,16,3,'2023-02-10',1),(137,1,22,2,'2023-02-04',1),(138,1,10,1,'2023-04-10',1),(139,1,19,3,'2023-04-24',1),(140,1,1,1,'2023-02-10',1),(141,1,20,1,'2023-03-09',1),(142,1,2,1,'2023-02-05',1),(143,1,3,2,'2023-02-14',1),(144,1,6,3,'2023-02-06',1),(145,1,1,1,'2023-04-29',1),(146,1,21,2,'2023-02-20',1),(147,1,8,1,'2023-02-14',1),(148,1,15,3,'2023-02-18',1),(149,1,11,3,'2023-03-13',1),(150,1,22,2,'2023-04-12',1),(151,1,8,1,'2023-03-18',1),(152,1,15,3,'2023-03-16',1),(153,1,10,2,'2023-03-27',1),(154,1,9,1,'2023-02-28',1),(155,1,7,2,'2023-03-25',1),(156,1,11,3,'2023-04-29',1),(157,1,19,2,'2023-02-10',1),(158,1,12,1,'2023-04-19',1),(159,1,12,1,'2023-03-25',1),(160,1,19,2,'2023-04-02',1),(161,1,3,2,'2023-02-19',1),(162,1,12,3,'2023-02-06',1),(163,1,13,2,'2023-03-16',1),(164,1,12,1,'2023-03-07',1),(165,1,9,3,'2023-03-14',1),(166,1,5,2,'2023-03-13',1),(167,1,10,3,'2023-03-23',1),(168,1,13,1,'2023-04-23',1),(169,1,6,2,'2023-02-26',1),(170,1,6,2,'2023-02-26',1),(171,1,5,1,'2023-03-24',1),(172,1,4,1,'2023-04-12',1),(173,1,19,3,'2023-03-15',1),(174,1,1,2,'2023-02-17',1),(175,1,22,2,'2023-02-06',1),(176,1,2,1,'2023-04-03',1),(177,1,21,2,'2023-02-02',1),(178,1,9,3,'2023-03-10',1),(179,1,9,2,'2023-02-03',1),(180,1,6,1,'2023-04-29',1),(181,1,12,2,'2023-04-03',1),(182,1,12,2,'2023-03-01',1),(183,1,19,1,'2023-02-04',1),(184,1,5,3,'2023-02-12',1),(185,1,18,2,'2023-03-08',1),(186,1,8,2,'2023-04-12',1),(187,1,7,1,'2023-03-10',1),(188,1,22,2,'2023-04-11',1),(189,1,8,2,'2023-04-09',1),(190,1,17,2,'2023-04-23',1),(191,1,8,3,'2023-03-17',1),(192,1,19,2,'2023-03-31',1),(193,1,10,1,'2023-03-06',1),(194,1,12,2,'2023-03-29',1),(195,1,20,2,'2023-02-06',1),(196,1,15,1,'2023-03-28',1),(197,1,18,1,'2023-04-17',1),(198,1,4,1,'2023-03-25',1),(199,1,8,3,'2023-04-02',1),(200,1,13,3,'2023-03-25',1),(201,1,9,1,'2023-02-13',1),(202,1,13,2,'2023-03-01',1),(203,1,9,1,'2023-02-11',1),(204,1,10,3,'2023-02-18',1),(205,1,21,1,'2023-03-25',1),(206,1,16,3,'2023-02-01',1),(207,1,12,3,'2023-04-06',1),(208,1,14,3,'2023-02-04',1),(209,1,6,1,'2023-04-11',1),(210,1,14,3,'2023-04-12',1),(211,1,18,2,'2023-03-23',1),(212,1,2,3,'2023-02-11',1),(213,1,13,2,'2023-04-10',1),(214,1,9,2,'2023-04-19',1),(215,1,13,1,'2023-03-05',1),(216,1,4,3,'2023-03-15',1),(217,1,1,2,'2023-02-02',1),(218,1,6,1,'2023-02-09',1),(219,1,22,2,'2023-03-03',1),(220,1,17,3,'2023-03-06',1),(221,1,16,2,'2023-02-17',1),(222,1,12,3,'2023-03-09',1),(223,1,3,1,'2023-04-21',1),(224,1,18,1,'2023-02-04',1),(225,1,8,2,'2023-03-27',1),(226,1,12,3,'2023-03-24',1),(227,1,10,2,'2023-03-15',1),(228,1,9,2,'2023-04-28',1),(229,1,14,1,'2023-02-23',1),(230,1,14,1,'2023-03-01',1),(231,1,21,3,'2023-04-15',1),(232,1,22,2,'2023-02-10',1),(233,1,7,1,'2023-02-08',1),(234,1,19,3,'2023-03-01',1),(235,1,16,2,'2023-04-08',1),(236,1,2,1,'2023-04-20',1),(237,1,10,2,'2023-04-23',1),(238,1,8,3,'2023-02-15',1),(239,1,8,1,'2023-02-17',1),(240,1,5,2,'2023-04-20',1),(241,1,21,1,'2023-03-17',1),(242,1,7,1,'2023-02-15',1),(243,1,17,2,'2023-03-10',1),(244,1,3,1,'2023-02-10',1),(245,1,15,3,'2023-04-20',1),(246,1,12,3,'2023-02-09',1),(247,1,16,1,'2023-02-20',1),(248,1,7,3,'2023-04-25',1),(249,1,11,2,'2023-04-18',1),(250,1,22,2,'2023-04-19',1),(251,1,7,3,'2023-02-06',1),(252,1,22,2,'2023-02-11',1),(253,1,18,3,'2023-04-25',1),(254,1,16,3,'2023-03-04',1),(255,1,16,2,'2023-04-19',1),(256,1,6,2,'2023-02-18',1),(257,1,5,2,'2023-03-29',1),(258,1,19,1,'2023-02-10',1),(259,1,13,2,'2023-03-10',1),(260,1,20,1,'2023-03-17',1),(261,1,18,2,'2023-04-07',1),(262,1,11,1,'2023-03-02',1),(263,1,5,1,'2023-03-18',1),(264,1,11,3,'2023-02-13',1),(265,1,21,1,'2023-02-03',1),(266,1,16,2,'2023-04-08',1),(267,1,15,1,'2023-03-15',1),(268,1,3,1,'2023-03-15',1),(269,1,20,1,'2023-03-25',1),(270,1,18,1,'2023-04-12',1),(271,1,7,1,'2023-02-26',1),(272,1,8,3,'2023-02-07',1),(273,1,21,2,'2023-03-28',1),(274,1,15,2,'2023-02-13',1),(275,1,10,3,'2023-03-18',1),(276,1,7,3,'2023-04-24',1),(277,1,17,3,'2023-03-31',1),(278,1,8,3,'2023-03-21',1),(279,1,14,2,'2023-02-19',1),(280,1,19,2,'2023-02-07',1),(281,1,19,3,'2023-02-20',1),(282,1,6,2,'2023-02-28',1),(283,1,17,3,'2023-03-20',1),(284,1,11,3,'2023-02-02',1),(285,1,1,1,'2023-02-18',1),(286,1,19,3,'2023-04-13',1),(287,1,1,2,'2023-02-18',1),(288,1,1,2,'2023-04-04',1),(289,1,20,1,'2023-04-20',1),(290,1,12,3,'2023-04-17',1),(291,1,15,2,'2023-03-01',1),(292,1,15,2,'2023-04-13',1),(293,1,22,2,'2023-02-26',1),(294,1,3,3,'2023-03-01',1),(295,1,9,1,'2023-02-11',1),(296,1,9,2,'2023-04-08',1),(297,1,1,3,'2023-02-03',1),(298,1,16,2,'2023-02-05',1),(299,1,22,3,'2023-03-12',1),(300,1,6,3,'2023-03-03',1),(301,1,7,2,'2023-02-25',1),(302,1,2,2,'2023-04-02',1),(303,1,16,2,'2023-04-20',1),(304,1,7,3,'2023-02-01',1),(305,1,16,2,'2023-03-30',1),(306,1,13,3,'2023-04-02',1),(307,1,18,3,'2023-03-16',1),(308,1,12,1,'2023-04-06',1),(309,1,12,2,'2023-04-07',1),(310,1,7,1,'2023-03-28',1),(311,1,5,1,'2023-02-03',1),(312,1,17,3,'2023-03-02',1),(313,1,11,2,'2023-04-03',1),(314,1,4,3,'2023-03-20',1),(315,1,6,2,'2023-02-07',1),(316,1,16,1,'2023-02-18',1),(317,1,6,2,'2023-03-12',1),(318,1,8,1,'2023-03-20',1),(319,1,17,1,'2023-04-14',1),(320,1,11,3,'2023-03-28',1),(321,1,17,3,'2023-04-23',1),(322,1,4,3,'2023-02-21',1),(323,1,8,1,'2023-03-10',1),(324,1,19,3,'2023-02-24',1),(325,1,10,2,'2023-03-10',1),(326,1,3,1,'2023-04-19',1),(327,1,15,3,'2023-04-12',1),(328,1,16,1,'2023-04-03',1),(329,1,1,3,'2023-03-20',1),(330,1,22,1,'2023-03-25',1),(331,1,1,2,'2023-02-02',1),(332,1,18,3,'2023-03-10',1),(333,1,5,3,'2023-02-18',1),(334,1,16,3,'2023-04-12',1),(335,1,1,3,'2023-03-24',1),(336,1,16,3,'2023-02-05',1),(337,1,17,2,'2023-03-30',1),(338,1,12,2,'2023-03-05',1),(339,1,3,2,'2023-02-12',1),(340,1,4,2,'2023-03-25',1),(341,1,16,3,'2023-04-11',1),(342,1,14,3,'2023-03-23',1),(343,1,18,2,'2023-03-06',1),(344,1,18,3,'2023-04-12',1),(345,1,11,3,'2023-03-18',1),(346,1,14,2,'2023-04-21',1),(347,1,19,2,'2023-03-08',1),(348,1,6,3,'2023-04-24',1),(349,1,21,3,'2023-02-16',1),(350,1,12,1,'2023-02-05',1),(351,1,20,1,'2023-03-19',1),(352,1,22,1,'2023-02-22',1),(353,1,12,3,'2023-02-01',1),(354,1,7,2,'2023-02-23',1),(355,1,1,1,'2023-03-08',1),(356,1,4,2,'2023-02-22',1),(357,1,14,1,'2023-03-28',1),(358,1,7,2,'2023-02-19',1),(359,1,4,1,'2023-02-24',1),(360,1,20,3,'2023-04-23',1),(361,1,10,2,'2023-04-05',1),(362,1,9,3,'2023-02-09',1),(363,1,20,1,'2023-04-29',1),(364,1,13,3,'2023-02-01',1),(365,1,4,3,'2023-03-20',1),(366,1,7,3,'2023-03-16',1),(367,1,19,3,'2023-02-11',1),(368,1,10,3,'2023-02-28',1),(369,1,10,1,'2023-03-17',1),(370,1,3,3,'2023-03-17',1),(371,1,14,2,'2023-02-22',1),(372,1,8,3,'2023-03-25',1),(373,1,6,2,'2023-02-14',1),(374,1,15,3,'2023-02-04',1),(375,1,18,3,'2023-02-06',1),(376,1,14,3,'2023-03-29',1),(377,1,12,3,'2023-04-11',1),(378,1,21,1,'2023-04-13',1),(379,1,2,3,'2023-03-21',1),(380,1,20,3,'2023-04-18',1),(381,1,6,3,'2023-04-07',1),(382,1,14,3,'2023-03-04',1),(383,1,7,1,'2023-04-08',1),(384,1,19,3,'2023-04-10',1),(385,1,7,1,'2023-03-07',1),(386,1,4,3,'2023-04-23',1),(387,1,12,3,'2023-04-28',1),(388,1,4,3,'2023-03-25',1),(389,1,13,3,'2023-02-09',1),(390,1,15,1,'2023-02-11',1),(391,1,12,1,'2023-03-09',1),(392,1,12,1,'2023-02-01',1),(393,1,3,2,'2023-03-26',1),(394,1,6,2,'2023-02-07',1),(395,1,7,1,'2023-03-14',1),(396,1,12,1,'2023-03-29',1),(397,1,11,2,'2023-03-24',1),(398,1,16,3,'2023-02-21',1),(399,1,12,3,'2023-02-27',1),(400,1,13,3,'2023-04-24',1),(401,1,20,3,'2023-04-08',1),(402,1,16,1,'2023-04-19',1),(403,1,19,2,'2023-03-16',1),(404,1,14,3,'2023-03-19',1),(405,1,13,1,'2023-03-23',1),(406,1,2,3,'2023-03-03',1),(407,1,13,3,'2023-03-03',1),(408,1,8,2,'2023-04-09',1),(409,1,5,3,'2023-04-27',1),(410,1,17,3,'2023-03-08',1),(411,1,20,1,'2023-02-21',1),(412,1,15,2,'2023-03-31',1),(413,1,18,3,'2023-02-08',1),(414,1,17,2,'2023-03-14',1),(415,1,16,1,'2023-03-16',1),(416,1,2,3,'2023-03-08',1),(417,1,6,1,'2023-02-26',1),(418,1,11,2,'2023-03-25',1),(419,1,19,1,'2023-02-07',1),(420,1,10,1,'2023-04-04',1),(421,1,12,2,'2023-02-12',1),(422,1,1,3,'2023-03-27',1),(423,1,19,2,'2023-03-20',1),(424,1,11,2,'2023-04-22',1),(425,1,13,1,'2023-02-07',1),(426,1,20,1,'2023-03-12',1),(427,1,13,2,'2023-04-18',1),(428,1,18,1,'2023-02-19',1),(429,1,3,3,'2023-02-06',1),(430,1,16,2,'2023-04-19',1),(431,1,4,1,'2023-02-20',1),(432,1,16,3,'2023-04-23',1),(433,1,6,2,'2023-03-16',1),(434,1,4,1,'2023-03-31',1),(435,1,15,2,'2023-04-07',1),(436,1,15,1,'2023-03-31',1),(437,1,21,2,'2023-02-10',1),(438,1,19,3,'2023-04-09',1),(439,1,6,3,'2023-02-08',1),(440,1,12,2,'2023-03-29',1),(441,1,19,1,'2023-04-13',1),(442,1,6,3,'2023-03-06',1),(443,1,10,1,'2023-04-12',1),(444,1,21,1,'2023-04-04',1),(445,1,14,3,'2023-04-08',1),(446,1,1,3,'2023-02-10',1),(447,1,1,3,'2023-02-11',1),(448,1,2,3,'2023-03-21',1),(449,1,21,3,'2023-04-15',1),(450,1,10,2,'2023-04-21',1),(451,1,14,1,'2023-04-08',1),(452,1,19,3,'2023-02-19',1),(453,1,5,2,'2023-02-26',1),(454,1,7,2,'2023-02-27',1),(455,1,13,3,'2023-02-11',1),(456,1,15,1,'2023-02-19',1),(457,1,21,3,'2023-04-15',1),(458,1,10,2,'2023-04-01',1),(459,1,14,1,'2023-03-13',1),(460,1,3,1,'2023-04-07',1),(461,1,2,1,'2023-03-03',1),(462,1,9,3,'2023-02-19',1),(463,1,11,3,'2023-04-28',1),(464,1,20,2,'2023-03-17',1),(465,1,6,3,'2023-02-25',1),(466,1,21,3,'2023-04-01',1),(467,1,15,1,'2023-02-17',1),(468,1,6,2,'2023-03-11',1),(469,1,7,1,'2023-02-03',1),(470,1,14,3,'2023-04-14',1),(471,1,8,1,'2023-03-03',1),(472,1,21,2,'2023-04-13',1),(473,1,12,1,'2023-03-28',1),(474,1,9,1,'2023-02-17',1),(475,1,17,1,'2023-03-03',1),(476,1,9,3,'2023-03-12',1),(477,1,10,3,'2023-02-24',1),(478,1,13,1,'2023-03-23',1),(479,1,16,3,'2023-04-23',1),(480,1,5,1,'2023-04-17',1),(481,1,9,1,'2023-02-21',1),(482,1,9,1,'2023-03-22',1),(483,1,10,2,'2023-04-16',1),(484,1,22,1,'2023-03-15',1),(485,1,13,2,'2023-03-09',1),(486,1,18,3,'2023-02-09',1),(487,1,9,3,'2023-03-19',1),(488,1,9,2,'2023-03-20',1),(489,1,15,3,'2023-04-02',1),(490,1,6,1,'2023-04-07',1),(491,1,11,1,'2023-02-17',1),(492,1,13,1,'2023-04-22',1),(493,1,13,1,'2023-02-16',1),(494,1,7,3,'2023-02-05',1),(495,1,7,1,'2023-02-26',1),(496,1,17,3,'2023-03-31',1),(497,1,8,3,'2023-03-21',1),(498,1,14,2,'2023-02-24',1),(499,1,2,2,'2023-03-13',1),(500,1,16,1,'2023-04-22',1),(501,1,21,3,'2023-04-27',1),(502,1,22,3,'2023-02-04',1),(503,1,5,3,'2023-04-26',1),(504,1,1,1,'2023-03-07',1),(505,1,2,1,'2023-02-19',1),(506,1,19,2,'2023-03-09',1),(507,1,7,1,'2023-02-24',1),(508,1,15,2,'2023-03-30',1),(509,1,16,2,'2023-02-18',1),(510,1,15,2,'2023-02-13',1),(511,1,19,3,'2023-04-11',1),(512,1,8,1,'2023-03-14',1),(513,1,11,3,'2023-03-19',1),(514,1,15,3,'2023-04-20',1),(515,1,3,3,'2023-02-27',1),(516,1,16,2,'2023-04-12',1),(517,1,7,3,'2023-02-04',1),(518,1,7,2,'2023-04-19',1),(519,1,7,3,'2023-04-13',1),(520,1,5,2,'2023-03-01',1),(521,1,19,1,'2023-04-13',1),(522,1,6,3,'2023-02-21',1),(523,1,17,1,'2023-03-04',1),(524,1,9,3,'2023-02-16',1),(525,1,7,3,'2023-03-29',1),(526,1,12,3,'2023-04-28',1),(527,1,18,3,'2023-02-26',1),(528,1,16,2,'2023-04-09',1),(529,1,4,2,'2023-04-17',1),(530,1,20,3,'2023-03-08',1),(531,1,14,3,'2023-03-28',1),(532,1,10,1,'2023-02-11',1),(533,1,17,2,'2023-02-07',1),(534,1,21,2,'2023-03-03',1),(535,1,10,1,'2023-03-27',1),(536,1,12,3,'2023-02-03',1),(537,1,22,3,'2023-02-26',1),(538,1,21,3,'2023-04-07',1),(539,1,14,3,'2023-02-18',1),(540,1,13,2,'2023-04-24',1),(541,1,16,2,'2023-02-07',1),(542,1,12,1,'2023-04-17',1),(543,1,11,3,'2023-04-02',1),(544,1,21,3,'2023-03-22',1),(545,1,17,1,'2023-03-14',1),(546,1,20,1,'2023-03-27',1),(547,1,21,3,'2023-04-23',1),(548,1,9,1,'2023-04-22',1),(549,1,20,3,'2023-02-10',1),(550,1,6,3,'2023-02-16',1),(551,1,20,3,'2023-02-10',1),(552,1,15,3,'2023-03-28',1),(553,1,9,1,'2023-03-14',1),(554,1,21,1,'2023-02-28',1),(555,1,21,3,'2023-04-17',1),(556,1,2,3,'2023-04-24',1),(557,1,5,1,'2023-02-08',1),(558,1,1,3,'2023-02-24',1),(559,1,16,3,'2023-03-31',1),(560,1,2,1,'2023-03-12',1),(561,1,6,3,'2023-02-03',1),(562,1,6,1,'2023-02-25',1),(563,1,17,3,'2023-02-15',1),(564,1,5,2,'2023-04-21',1),(565,1,1,2,'2023-04-17',1),(566,1,4,1,'2023-03-25',1),(567,1,8,3,'2023-03-25',1),(568,1,5,1,'2023-04-01',1),(569,1,13,3,'2023-03-21',1),(570,1,4,1,'2023-03-27',1),(571,1,9,1,'2023-03-28',1),(572,1,15,1,'2023-03-30',1),(573,1,8,2,'2023-02-20',1),(574,1,5,1,'2023-04-13',1),(575,1,6,3,'2023-03-16',1),(576,1,20,3,'2023-02-22',1),(577,1,7,3,'2023-04-03',1),(578,1,8,2,'2023-04-17',1),(579,1,13,1,'2023-04-07',1),(580,1,19,1,'2023-03-23',1),(581,1,18,1,'2023-04-06',1),(582,1,1,3,'2023-03-19',1),(583,1,20,3,'2023-03-08',1),(584,1,14,3,'2023-03-06',1),(585,1,8,2,'2023-02-19',1),(586,1,2,3,'2023-03-24',1),(587,1,14,2,'2023-04-17',1),(588,1,6,2,'2023-03-22',1),(589,1,19,2,'2023-02-18',1),(590,1,8,1,'2023-02-23',1),(591,1,3,3,'2023-04-16',1),(592,1,16,1,'2023-02-05',1),(593,1,4,2,'2023-03-19',1),(594,1,19,2,'2023-03-15',1),(595,1,14,3,'2023-03-22',1),(596,1,17,1,'2023-03-06',1),(597,1,11,1,'2023-04-24',1),(598,1,20,2,'2023-02-20',1),(599,1,9,1,'2023-02-26',1),(600,1,13,1,'2023-03-21',1),(601,1,13,1,'2023-02-01',1),(602,1,15,1,'2023-04-27',1),(603,1,7,2,'2023-02-12',1),(604,1,19,3,'2023-04-06',1),(605,1,2,1,'2023-04-16',1),(606,1,13,1,'2023-04-08',1),(607,1,21,2,'2023-04-26',1),(608,1,18,1,'2023-04-03',1),(609,1,11,1,'2023-02-06',1),(610,1,9,3,'2023-04-08',1),(611,1,10,3,'2023-04-16',1),(612,1,18,2,'2023-03-03',1),(613,1,16,2,'2023-04-05',1),(614,1,19,1,'2023-02-14',1),(615,1,7,1,'2023-03-31',1),(616,1,21,3,'2023-04-15',1),(617,1,22,2,'2023-02-08',1),(618,1,5,3,'2023-02-11',1),(619,1,9,2,'2023-03-31',1),(620,1,15,1,'2023-02-05',1),(621,1,16,1,'2023-02-21',1),(622,1,9,1,'2023-02-24',1),(623,1,11,2,'2023-02-16',1),(624,1,8,1,'2023-03-14',1),(625,1,3,1,'2023-02-06',1),(626,1,3,2,'2023-03-26',1),(627,1,19,2,'2023-03-12',1),(628,1,2,1,'2023-04-20',1),(629,1,10,2,'2023-03-23',1),(630,1,18,1,'2023-03-28',1),(631,1,13,3,'2023-02-09',1),(632,1,13,2,'2023-02-21',1),(633,1,9,1,'2023-03-03',1),(634,1,18,1,'2023-04-04',1),(635,1,11,1,'2023-04-03',1),(636,1,18,3,'2023-02-20',1),(637,1,8,3,'2023-04-24',1),(638,1,16,3,'2023-04-09',1),(639,1,12,1,'2023-03-13',1),(640,1,16,1,'2023-02-01',1),(641,1,8,2,'2023-02-17',1),(642,1,1,2,'2023-03-31',1),(643,1,15,2,'2023-04-05',1),(644,1,14,3,'2023-03-02',1),(645,1,4,3,'2023-04-25',1),(646,1,2,2,'2023-04-25',1),(647,1,11,2,'2023-02-20',1),(648,1,12,1,'2023-03-21',1),(649,1,15,2,'2023-04-15',1),(650,1,12,1,'2023-02-27',1),(651,1,21,3,'2023-02-01',1),(652,1,17,3,'2023-04-07',1),(653,1,7,1,'2023-03-24',1),(654,1,1,2,'2023-04-26',1),(655,1,13,3,'2023-02-05',1),(656,1,9,3,'2023-04-24',1),(657,1,5,1,'2023-03-20',1),(658,1,1,2,'2023-02-26',1),(659,1,1,1,'2023-02-17',1),(660,1,4,2,'2023-02-16',1),(661,1,20,3,'2023-03-06',1),(662,1,11,1,'2023-02-14',1),(663,1,18,2,'2023-02-20',1),(664,1,13,1,'2023-04-21',1),(665,1,4,1,'2023-04-13',1),(666,1,21,1,'2023-04-29',1),(667,1,12,2,'2023-03-15',1),(668,1,14,2,'2023-02-02',1),(669,1,9,3,'2023-03-23',1),(670,1,22,1,'2023-02-04',1),(671,1,14,3,'2023-02-03',1),(672,1,5,3,'2023-03-02',1),(673,1,16,2,'2023-02-25',1),(674,1,21,3,'2023-04-12',1),(675,1,5,2,'2023-03-16',1),(676,1,14,2,'2023-03-04',1),(677,1,19,1,'2023-03-19',1),(678,1,22,1,'2023-03-01',1),(679,1,20,2,'2023-04-28',1),(680,1,7,2,'2023-04-14',1),(681,1,12,1,'2023-04-06',1),(682,1,12,2,'2023-03-24',1),(683,1,14,1,'2023-04-11',1),(684,1,22,2,'2023-04-15',1),(685,1,11,3,'2023-03-04',1),(686,1,20,2,'2023-03-04',1),(687,1,13,2,'2023-04-02',1),(688,1,10,1,'2023-03-27',1),(689,1,11,2,'2023-03-24',1),(690,1,2,2,'2023-04-22',1),(691,1,16,3,'2023-03-02',1),(692,1,15,1,'2023-02-09',1),(693,1,19,1,'2023-03-20',1),(694,1,14,2,'2023-04-14',1),(695,1,11,3,'2023-02-26',1),(696,1,14,1,'2023-04-19',1),(697,1,1,2,'2023-04-16',1),(698,1,3,3,'2023-03-17',1),(699,1,15,3,'2023-03-17',1),(700,1,11,3,'2023-04-15',1),(701,1,14,2,'2023-03-07',1),(702,1,22,3,'2023-04-26',1),(703,1,10,1,'2023-02-10',1),(704,1,16,1,'2023-04-24',1),(705,1,2,2,'2023-02-04',1),(706,1,20,1,'2023-03-26',1),(707,1,7,3,'2023-03-22',1),(708,1,16,3,'2023-02-28',1),(709,1,20,2,'2023-04-25',1),(710,1,4,1,'2023-04-02',1),(711,1,7,2,'2023-02-12',1),(712,1,10,3,'2023-04-08',1),(713,1,8,2,'2023-04-05',1),(714,1,13,3,'2023-02-11',1),(715,1,7,1,'2023-03-17',1),(716,1,7,1,'2023-02-24',1),(717,1,5,1,'2023-04-18',1),(718,1,10,2,'2023-03-08',1),(719,1,10,3,'2023-02-15',1),(720,1,4,2,'2023-03-02',1),(721,1,12,3,'2023-04-22',1),(722,1,10,2,'2023-04-24',1),(723,1,8,3,'2023-03-15',1),(724,1,16,3,'2023-04-24',1),(725,1,16,2,'2023-04-27',1),(726,1,2,2,'2023-04-07',1),(727,1,13,2,'2023-03-14',1),(728,1,10,3,'2023-03-04',1),(729,1,14,3,'2023-04-29',1),(730,1,3,2,'2023-02-16',1),(731,1,9,2,'2023-04-24',1),(732,1,10,2,'2023-03-18',1),(733,1,11,3,'2023-02-13',1),(734,1,21,1,'2023-02-09',1),(735,1,22,3,'2023-03-07',1),(736,1,21,2,'2023-04-01',1),(737,1,21,2,'2023-04-22',1),(738,1,22,1,'2023-02-07',1),(739,1,16,2,'2023-04-11',1),(740,1,17,2,'2023-02-16',1),(741,1,8,1,'2023-03-07',1),(742,1,2,1,'2023-04-13',1),(743,1,10,3,'2023-02-26',1),(744,1,8,3,'2023-04-06',1),(745,1,10,3,'2023-03-22',1),(746,1,20,3,'2023-02-18',1),(747,1,16,3,'2023-04-27',1),(748,1,11,2,'2023-04-01',1),(749,1,3,2,'2023-03-22',1),(750,1,2,3,'2023-02-11',1),(751,1,13,2,'2023-04-21',1),(752,1,21,1,'2023-03-08',1),(753,1,19,1,'2023-04-16',1),(754,1,22,1,'2023-03-29',1),(755,1,7,2,'2023-03-30',1),(756,1,18,3,'2023-02-27',1),(757,1,16,3,'2023-02-27',1),(758,1,10,1,'2023-02-28',1),(759,1,12,3,'2023-02-27',1),(760,1,4,3,'2023-04-19',1),(761,1,17,1,'2023-04-17',1),(762,1,14,2,'2023-03-01',1),(763,1,8,3,'2023-03-27',1),(764,1,21,3,'2023-02-02',1),(765,1,19,1,'2023-04-07',1),(766,1,14,3,'2023-04-27',1),(767,1,13,3,'2023-02-21',1),(768,1,5,1,'2023-04-21',1),(769,1,14,2,'2023-02-13',1),(770,1,12,1,'2023-04-19',1),(771,1,5,1,'2023-04-24',1),(772,1,18,1,'2023-03-21',1),(773,1,5,1,'2023-04-26',1),(774,1,19,2,'2023-03-22',1),(775,1,12,3,'2023-04-14',1),(776,1,11,1,'2023-03-23',1),(777,1,19,2,'2023-03-13',1),(778,1,4,2,'2023-04-12',1),(779,1,14,2,'2023-03-01',1),(780,1,16,2,'2023-02-11',1),(781,1,14,3,'2023-03-25',1),(782,1,21,3,'2023-04-21',1),(783,1,15,2,'2023-02-26',1),(784,1,11,2,'2023-04-22',1),(785,1,4,1,'2023-04-25',1),(786,1,11,2,'2023-02-08',1),(787,1,21,2,'2023-03-02',1),(788,1,9,3,'2023-03-01',1),(789,1,22,3,'2023-02-19',1),(790,1,14,2,'2023-04-27',1),(791,1,18,1,'2023-02-06',1),(792,1,1,3,'2023-04-12',1),(793,1,2,3,'2023-04-07',1),(794,1,17,2,'2023-02-05',1),(795,1,20,1,'2023-04-24',1),(796,1,16,2,'2023-02-19',1),(797,1,2,3,'2023-04-02',1),(798,1,3,2,'2023-03-30',1),(799,1,3,2,'2023-04-23',1),(800,1,14,2,'2023-02-12',1),(801,1,10,3,'2023-04-07',1),(802,1,7,1,'2023-02-05',1),(803,1,16,2,'2023-02-06',1),(804,1,22,3,'2023-04-06',1),(805,1,10,3,'2023-03-20',1),(806,1,18,2,'2023-03-05',1),(807,1,18,3,'2023-04-06',1),(808,1,6,3,'2023-02-01',1),(809,1,5,1,'2023-03-13',1),(810,1,6,3,'2023-03-28',1),(811,1,12,3,'2023-02-25',1),(812,1,2,2,'2023-02-13',1),(813,1,7,1,'2023-04-08',1),(814,1,9,2,'2023-04-12',1),(815,1,6,3,'2023-03-01',1),(816,1,5,1,'2023-03-19',1),(817,1,13,1,'2023-03-31',1),(818,1,11,2,'2023-03-16',1),(819,1,7,1,'2023-03-26',1),(820,1,15,2,'2023-04-23',1),(821,1,19,2,'2023-04-06',1),(822,1,7,1,'2023-03-28',1),(823,1,6,1,'2023-04-06',1),(824,1,18,3,'2023-04-03',1),(825,1,2,1,'2023-03-15',1),(826,1,1,3,'2023-03-27',1),(827,1,20,2,'2023-04-22',1),(828,1,1,2,'2023-04-26',1),(829,1,13,3,'2023-02-03',1),(830,1,7,2,'2023-02-23',1),(831,1,22,1,'2023-04-05',1),(832,1,5,3,'2023-04-05',1),(833,1,1,3,'2023-04-04',1),(834,1,15,1,'2023-04-17',1),(835,1,18,2,'2023-04-12',1),(836,1,16,1,'2023-02-25',1),(837,1,5,1,'2023-04-23',1),(838,1,8,3,'2023-02-21',1),(839,1,14,2,'2023-03-10',1),(840,1,17,2,'2023-04-16',1),(841,1,1,2,'2023-03-02',1),(842,1,7,2,'2023-02-15',1),(843,1,14,2,'2023-02-02',1),(844,1,9,3,'2023-04-21',1),(845,1,3,3,'2023-03-19',1),(846,1,8,1,'2023-04-29',1),(847,1,8,3,'2023-03-11',1),(848,1,4,2,'2023-03-19',1),(849,1,11,3,'2023-03-12',1),(850,1,21,1,'2023-03-17',1),(851,1,17,1,'2023-02-28',1),(852,1,14,1,'2023-03-19',1),(853,1,11,3,'2023-02-09',1),(854,1,9,2,'2023-02-10',1),(855,1,13,2,'2023-02-03',1),(856,1,12,2,'2023-03-21',1),(857,1,12,1,'2023-03-24',1),(858,1,18,1,'2023-02-03',1),(859,1,6,1,'2023-02-16',1),(860,1,8,1,'2023-03-16',1),(861,1,5,2,'2023-02-10',1),(862,1,21,1,'2023-03-18',1),(863,1,18,2,'2023-02-16',1),(864,1,8,1,'2023-03-25',1),(865,1,14,2,'2023-04-25',1),(866,1,14,1,'2023-04-05',1),(867,1,14,3,'2023-02-05',1),(868,1,7,1,'2023-03-03',1),(869,1,1,1,'2023-04-29',1),(870,1,22,3,'2023-04-01',1),(871,1,14,1,'2023-03-09',1),(872,1,20,1,'2023-04-04',1),(873,1,16,2,'2023-04-04',1),(874,1,11,1,'2023-04-24',1),(875,1,19,2,'2023-04-03',1),(876,1,4,3,'2023-02-04',1),(877,1,2,1,'2023-03-01',1),(878,1,15,1,'2023-03-20',1),(879,1,18,2,'2023-03-19',1),(880,1,11,3,'2023-03-19',1),(881,1,7,3,'2023-02-16',1),(882,1,11,3,'2023-03-29',1),(883,1,18,3,'2023-03-12',1),(884,1,9,2,'2023-04-21',1),(885,1,15,2,'2023-04-19',1),(886,1,16,3,'2023-04-19',1),(887,1,2,2,'2023-02-06',1),(888,1,9,3,'2023-03-23',1),(889,1,14,1,'2023-04-13',1),(890,1,3,1,'2023-04-13',1),(891,1,22,2,'2023-04-07',1),(892,1,2,1,'2023-02-23',1),(893,1,1,2,'2023-04-11',1),(894,1,19,3,'2023-02-15',1),(895,1,15,3,'2023-04-29',1),(896,1,14,1,'2023-02-27',1),(897,1,10,1,'2023-02-12',1),(898,1,17,2,'2023-04-21',1),(899,1,5,2,'2023-03-02',1),(900,1,10,1,'2023-04-25',1);
/*!40000 ALTER TABLE `transactions` ENABLE KEYS */;
UNLOCK TABLES;

--
-- Table structure for table `users`
--

DROP TABLE IF EXISTS `users`;
/*!40101 SET @saved_cs_client     = @@character_set_client */;
/*!50503 SET character_set_client = utf8mb4 */;
CREATE TABLE `users` (
  `id_user` int NOT NULL AUTO_INCREMENT,
  `nama_user` varchar(255) DEFAULT NULL,
  `email_user` varchar(255) DEFAULT NULL,
  `pw_user` varchar(255) DEFAULT NULL,
  `is_admin` tinyint(1) DEFAULT NULL,
  PRIMARY KEY (`id_user`)
) ENGINE=InnoDB AUTO_INCREMENT=9 DEFAULT CHARSET=utf8mb4 COLLATE=utf8mb4_0900_ai_ci;
/*!40101 SET character_set_client = @saved_cs_client */;

--
-- Dumping data for table `users`
--

LOCK TABLES `users` WRITE;
/*!40000 ALTER TABLE `users` DISABLE KEYS */;
INSERT INTO `users` VALUES (1,'Toko A','tokoa@gmail.com','abcd1234',1),(2,'Toko B','tokob@gmail.com','abcd4321',1),(8,'Dwika','herawandwika@gmail.com','$2b$10$zoVKa8wCARi.5Nya.eE0FuJvco8Y.vTAybuWpJFDBK3SGBjjwCmuu',1);
/*!40000 ALTER TABLE `users` ENABLE KEYS */;
UNLOCK TABLES;
/*!40103 SET TIME_ZONE=@OLD_TIME_ZONE */;

/*!40101 SET SQL_MODE=@OLD_SQL_MODE */;
/*!40014 SET FOREIGN_KEY_CHECKS=@OLD_FOREIGN_KEY_CHECKS */;
/*!40014 SET UNIQUE_CHECKS=@OLD_UNIQUE_CHECKS */;
/*!40101 SET CHARACTER_SET_CLIENT=@OLD_CHARACTER_SET_CLIENT */;
/*!40101 SET CHARACTER_SET_RESULTS=@OLD_CHARACTER_SET_RESULTS */;
/*!40101 SET COLLATION_CONNECTION=@OLD_COLLATION_CONNECTION */;
/*!40111 SET SQL_NOTES=@OLD_SQL_NOTES */;

-- Dump completed on 2023-05-07 17:51:56
